name	file	directive	forwardRef	refType	displayName	cnClassNameLast	style	styleOrder
Button	Button/Button.tsx	L23	yes	HTMLElement	"Button";	no-cn	none	
CTAButton	CTAButton/CTAButton.tsx	none	yes	HTMLAnchorElement	"CTAButton";	NOT-last	none	
CopyButton	CopyButton/CopyButton.tsx	L1	yes	HTMLElement	"CopyButton";	last	none	
Avatar	Avatar/Avatar.tsx	none	yes	HTMLDivElement	"Avatar";	last	none	
Sticker	Sticker/Sticker.tsx	none	yes	HTMLDivElement	"Sticker";	no-cn	none	
Checkbox	Checkbox/Checkbox.tsx	L18	yes	ComponentRef<typeof CheckboxPrimitive.Root>	"Checkbox";	no-cn	none	
CheckboxIndicator	Checkbox/Checkbox.tsx	L18	yes	ComponentRef<typeof CheckboxPrimitive.Indicator>	"CheckboxIndicator";	last	none	
HotkeyIndicator	HotkeyIndicator/HotkeyIndicator.tsx	none	no	none	none	last	none	
BaseIcon	Icons/BaseIcon.tsx	none	no	none	none	last	sets	no-spread
AIContextIcon	Icons/AIContextIcon.tsx	none	no	none	none	no-cn	none	
AIPlanIcon	Icons/AIPlanIcon.tsx	none	no	none	none	no-cn	none	
AIPowerIcon	Icons/AIPowerIcon.tsx	none	no	none	none	no-cn	none	
AISkillIcon	Icons/AISkillIcon.tsx	none	no	none	none	no-cn	none	
AISpeedIcon	Icons/AISpeedIcon.tsx	none	no	none	none	no-cn	none	
AIThinkingIcon	Icons/AIThinkingIcon.tsx	none	no	none	none	no-cn	none	
AIToolActionIcon	Icons/AIToolActionIcon.tsx	none	no	none	none	no-cn	none	
AIToolReadIcon	Icons/AIToolReadIcon.tsx	none	no	none	none	no-cn	none	
ArrowDownIcon	Icons/ArrowDownIcon.tsx	none	no	none	none	no-cn	none	
ArrowDownLeftIcon	Icons/ArrowDownLeftIcon.tsx	none	no	none	none	no-cn	none	
ArrowDownRightIcon	Icons/ArrowDownRightIcon.tsx	none	no	none	none	no-cn	none	
ArrowLeftIcon	Icons/ArrowLeftIcon.tsx	none	no	none	none	no-cn	none	
ArrowRightIcon	Icons/ArrowRightIcon.tsx	none	no	none	none	no-cn	none	
ArrowUpIcon	Icons/ArrowUpIcon.tsx	none	no	none	none	no-cn	none	
ArrowUpLeftIcon	Icons/ArrowUpLeftIcon.tsx	none	no	none	none	no-cn	none	
ArrowUpRightIcon	Icons/ArrowUpRightIcon.tsx	none	no	none	none	no-cn	none	
AttachFileIcon	Icons/AttachFileIcon.tsx	none	no	none	none	no-cn	none	
BarChartAxesIcon	Icons/BarChartAxesIcon.tsx	none	no	none	none	no-cn	none	
BarChartIcon	Icons/BarChartIcon.tsx	none	no	none	none	no-cn	none	
BugReportIcon	Icons/BugReportIcon.tsx	none	no	none	none	no-cn	none	
CalendarIcon	Icons/CalendarIcon.tsx	none	no	none	none	no-cn	none	
ChangelogIcon	Icons/ChangelogIcon.tsx	none	no	none	none	no-cn	none	
CheckIcon	Icons/CheckIcon.tsx	none	no	none	none	no-cn	none	
ChevronDownIcon	Icons/ChevronDownIcon.tsx	none	no	none	none	no-cn	none	
ChevronLeftIcon	Icons/ChevronLeftIcon.tsx	none	no	none	none	no-cn	none	
ChevronRightIcon	Icons/ChevronRightIcon.tsx	none	no	none	none	no-cn	none	
ChevronsDownUpIcon	Icons/ChevronsDownUpIcon.tsx	none	no	none	none	no-cn	none	
ChevronsLeftRightIcon	Icons/ChevronsLeftRightIcon.tsx	none	no	none	none	no-cn	none	
ChevronsRightIcon	Icons/ChevronsRightIcon.tsx	none	no	none	none	no-cn	none	
ChevronsRightLeftIcon	Icons/ChevronsRightLeftIcon.tsx	none	no	none	none	no-cn	none	
ChevronsUpDownIcon	Icons/ChevronsUpDownIcon.tsx	none	no	none	none	no-cn	none	
ChevronUpIcon	Icons/ChevronUpIcon.tsx	none	no	none	none	no-cn	none	
ClearFilterFunnelIcon	Icons/ClearFilterFunnelIcon.tsx	none	no	none	none	no-cn	none	
ClipboardIcon	Icons/ClipboardIcon.tsx	none	no	none	none	no-cn	none	
CloseCancelIcon	Icons/CloseCancelIcon.tsx	none	no	none	none	no-cn	none	
CreditCardIcon	Icons/CreditCardIcon.tsx	none	no	none	none	no-cn	none	
DarkModeIcon	Icons/DarkModeIcon.tsx	none	no	none	none	no-cn	none	
DiscPlatterDBIcon	Icons/DiscPlatterDBIcon.tsx	none	no	none	none	no-cn	none	
DownloadIcon	Icons/DownloadIcon.tsx	none	no	none	none	no-cn	none	
DropdownIcon	Icons/DropdownIcon.tsx	none	no	none	none	no-cn	none	
ErrorAlternativeIcon	Icons/ErrorAlternativeIcon.tsx	none	no	none	none	no-cn	none	
ErrorIcon	Icons/ErrorIcon.tsx	none	no	none	none	no-cn	none	
ExtensionsIcon	Icons/ExtensionsIcon.tsx	none	no	none	none	no-cn	none	
FilterFunnelIcon	Icons/FilterFunnelIcon.tsx	none	no	none	none	no-cn	none	
FilterLinesIcon	Icons/FilterLinesIcon.tsx	none	no	none	none	no-cn	none	
FiltersSlidersIcon	Icons/FiltersSlidersIcon.tsx	none	no	none	none	no-cn	none	
GraphIcon	Icons/GraphIcon.tsx	none	no	none	none	no-cn	none	
HeartFillIcon	Icons/HeartFillIcon.tsx	none	no	none	none	no-cn	none	
HelpIcon	Icons/HelpIcon.tsx	none	no	none	none	no-cn	none	
HideMoneyIcon	Icons/HideMoneyIcon.tsx	none	no	none	none	no-cn	none	
InfoIcon	Icons/InfoIcon.tsx	none	no	none	none	no-cn	none	
InvoiceIcon	Icons/InvoiceIcon.tsx	none	no	none	none	no-cn	none	
KeyIcon	Icons/KeyIcon.tsx	none	no	none	none	no-cn	none	
LightModeIcon	Icons/LightModeIcon.tsx	none	no	none	none	no-cn	none	
LoadingSpinnerIcon	Icons/LoadingSpinnerIcon.tsx	none	no	none	none	no-cn	none	
LogOutIcon	Icons/LogOutIcon.tsx	none	no	none	none	no-cn	none	
ManyUsersIcon	Icons/ManyUsersIcon.tsx	none	no	none	none	no-cn	none	
ManyUsersRoundedIcon	Icons/ManyUsersRoundedIcon.tsx	none	no	none	none	no-cn	none	
NewChatIcon	Icons/NewChatIcon.tsx	none	no	none	none	no-cn	none	
OrganizationIcon	Icons/OrganizationIcon.tsx	none	no	none	none	no-cn	none	
OverviewIcon	Icons/OverviewIcon.tsx	none	no	none	none	no-cn	none	
PlaceholderIcon	Icons/PlaceholderIcon.tsx	none	no	none	none	no-cn	none	
PlusIcon	Icons/PlusIcon.tsx	none	no	none	none	no-cn	none	
RecentsIcon	Icons/RecentsIcon.tsx	none	no	none	none	no-cn	none	
SaveAlternativeIcon	Icons/SaveAlternativeIcon.tsx	none	no	none	none	no-cn	none	
SaveIcon	Icons/SaveIcon.tsx	none	no	none	none	no-cn	none	
SearchIcon	Icons/SearchIcon.tsx	none	no	none	none	no-cn	none	
SendIcon	Icons/SendIcon.tsx	none	no	none	none	no-cn	none	
SettingsBoltIcon	Icons/SettingsBoltIcon.tsx	none	no	none	none	no-cn	none	
SettingsGearIcon	Icons/SettingsGearIcon.tsx	none	no	none	none	no-cn	none	
ShowMoneyIcon	Icons/ShowMoneyIcon.tsx	none	no	none	none	no-cn	none	
SidebarLeftHoverIcon	Icons/SidebarLeftHoverIcon.tsx	none	no	none	none	no-cn	none	
SidebarLeftIcon	Icons/SidebarLeftIcon.tsx	none	no	none	none	no-cn	none	
SidebarRightHoverIcon	Icons/SidebarRightHoverIcon.tsx	none	no	none	none	no-cn	none	
SidebarRightIcon	Icons/SidebarRightIcon.tsx	none	no	none	none	no-cn	none	
SortAscendingIcon	Icons/SortAscendingIcon.tsx	none	no	none	none	no-cn	none	
SortDescendingIcon	Icons/SortDescendingIcon.tsx	none	no	none	none	no-cn	none	
StopAlternativeIcon	Icons/StopAlternativeIcon.tsx	none	no	none	none	no-cn	none	
StopFilledIcon	Icons/StopFilledIcon.tsx	none	no	none	none	no-cn	none	
StopIcon	Icons/StopIcon.tsx	none	no	none	none	no-cn	none	
SystemThemeIcon	Icons/SystemThemeIcon.tsx	none	no	none	none	no-cn	none	
TableIcon	Icons/TableIcon.tsx	none	no	none	none	no-cn	none	
TagIcon	Icons/TagIcon.tsx	none	no	none	none	no-cn	none	
ThreeColumnsIcon	Icons/ThreeColumnsIcon.tsx	none	no	none	none	no-cn	none	
ThreeDotsIcon	Icons/ThreeDotsIcon.tsx	none	no	none	none	no-cn	none	
UserIcon	Icons/UserIcon.tsx	none	no	none	none	no-cn	none	
UserRoundedIcon	Icons/UserRoundedIcon.tsx	none	no	none	none	no-cn	none	
WarningIcon	Icons/WarningIcon.tsx	none	no	none	none	no-cn	none	
SidebarWithHoverIcon	SidebarWithHoverIcon/SidebarWithHoverIcon.tsx	L40	no	none	none	no-cn	sets	style-after-spread
Input	Input/Input.tsx	L33	yes	HTMLInputElement	"Input";	last	none	
Tabs	Tabs/Tabs.tsx	L1	no	none	none	no-cn	none	
TabsList	Tabs/Tabs.tsx	L1	yes	ComponentRef<typeof TabsPrimitive.List>	"TabsList";	last	none	
TabsTrigger	Tabs/Tabs.tsx	L1	yes	ComponentRef<typeof TabsPrimitive.Trigger>	"TabsTrigger";	no-cn	none	
TabsContent	Tabs/Tabs.tsx	L1	yes	ComponentRef<typeof TabsPrimitive.Content>	"TabsContent";	last	none	
SegmentedTabSelect	SegmentedTabSelect/SegmentedTabSelect.tsx	L1	yes	ComponentRef<typeof TabsPrimitive.Root>	'SegmentedTabSelect';	last	none	
SegmentedTabItem	SegmentedTabSelect/SegmentedTabSelect.tsx	L1	yes	ComponentRef<typeof TabsPrimitive.Trigger>	'SegmentedTabItem';	no-cn	none	
FadeChangeText	AnimatedText/FadeChangeText.tsx	L28	yes	HTMLSpanElement	"FadeChangeText";	last	sets	style-before-spread+merges
RevealChangeText	AnimatedText/RevealChangeText.tsx	L33	yes	HTMLSpanElement	"RevealChangeText";	last	sets	style-before-spread+merges
RollChangeText	AnimatedText/RollChangeText.tsx	L24	yes	HTMLSpanElement	"RollChangeText";	last	sets	style-before-spread+merges
RollHoverText	AnimatedText/RollHoverText.tsx	none	yes	HTMLSpanElement	"RollHoverText";	last	sets	style-before-spread+merges
RollingDigitsText	AnimatedText/RollingDigitsText.tsx	L42	yes	HTMLSpanElement	"RollingDigitsText";	last	sets	style-before-spread
ShimmerText	AnimatedText/ShimmerText.tsx	none	yes	HTMLSpanElement	"ShimmerText";	last	none	
UnderlineLinkText	AnimatedText/UnderlineLinkText.tsx	none	yes	HTMLSpanElement	"UnderlineLinkText";	last	sets	style-before-spread+merges
BaseText	Text/BaseText.tsx	none	no	none	none	no-cn	none	
BodyText	Text/BaseText.tsx	none	yes	HTMLElement	factory	no-cn	none	
ButtonText	Text/BaseText.tsx	none	yes	HTMLElement	factory	no-cn	none	
HeadingText	Text/BaseText.tsx	none	yes	HTMLElement	factory	no-cn	none	
HeroBodyText	Text/BaseText.tsx	none	yes	HTMLElement	factory	no-cn	none	
HeroButtonText	Text/BaseText.tsx	none	yes	HTMLElement	factory	no-cn	none	
HeroText	Text/BaseText.tsx	none	yes	HTMLElement	factory	no-cn	none	
LabelText	Text/BaseText.tsx	none	yes	HTMLElement	factory	no-cn	none	
MonoText	Text/BaseText.tsx	none	yes	HTMLElement	factory	no-cn	none	
SubheadingText	Text/BaseText.tsx	none	yes	HTMLElement	factory	no-cn	none	
TitleText	Text/BaseText.tsx	none	yes	HTMLElement	factory	no-cn	none	
TextLink	TextLink/TextLink.tsx	none	yes	HTMLAnchorElement	"TextLink";	last	none	
ToggleSwitch	Toggle/Toggle.tsx	L1	yes	ComponentRef<typeof ToggleGroup.Root>	"ToggleSwitch";	last	none	
ToggleSwitchItem	Toggle/Toggle.tsx	L1	yes	ComponentRef<typeof ToggleGroup.Item>	"ToggleSwitchItem";	no-cn	none	
DropdownMenu	Menu/DropdownMenu.tsx	L1	no	none	none	no-cn	none	
DropdownMenuTrigger	Menu/DropdownMenu.tsx	L1	yes	ComponentRef<typeof DropdownMenuPrimitive.Trigger>	"DropdownMenuTrigger";	no-cn	none	
DropdownMenuPortal	Menu/DropdownMenu.tsx	L1	alias	alias	none	no-cn	none	
DropdownMenuContent	Menu/DropdownMenu.tsx	L1	yes	ComponentRef<typeof DropdownMenuPrimitive.Content>	"DropdownMenuContent";	last	none	
DropdownMenuGroup	Menu/DropdownMenu.tsx	L1	alias	alias	none	no-cn	none	
DropdownMenuSub	Menu/DropdownMenu.tsx	L1	alias	alias	none	no-cn	none	
DropdownMenuRadioGroup	Menu/DropdownMenu.tsx	L1	alias	alias	none	no-cn	none	
DropdownMenuItem	Menu/DropdownMenu.tsx	L1	yes	ComponentRef<typeof DropdownMenuPrimitive.Item>	"DropdownMenuItem";	last	none	
DropdownMenuMultiSelectItem	Menu/DropdownMenu.tsx	L1	yes	ComponentRef<typeof DropdownMenuPrimitive.CheckboxItem>	"DropdownMenuMultiSelectItem";	last	none	
DropdownMenuLabel	Menu/DropdownMenu.tsx	L1	yes	ComponentRef<typeof DropdownMenuPrimitive.Label>	"DropdownMenuLabel";	last	none	
DropdownMenuPlainItem	Menu/DropdownMenu.tsx	L1	yes	HTMLDivElement	"DropdownMenuPlainItem";	last	none	
DropdownMenuRadioSelectItem	Menu/DropdownMenu.tsx	L1	yes	ComponentRef<typeof DropdownMenuPrimitive.RadioItem>	"DropdownMenuRadioSelectItem";	last	none	
DropdownMenuSeparator	Menu/DropdownMenu.tsx	L1	yes	ComponentRef<typeof DropdownMenuPrimitive.Separator>	"DropdownMenuSeparator";	last	none	
DropdownMenuSection	Menu/DropdownMenu.tsx	L1	yes	HTMLDivElement	"DropdownMenuSection";	last	sets	style-before-spread+merges
DropdownMenuSegment	Menu/DropdownMenu.tsx	L1	yes	HTMLDivElement	"DropdownMenuSegment";	last	none	
DropdownMenuSearch	Menu/DropdownMenuSearch.tsx	L15	yes	HTMLInputElement	"DropdownMenuSearch";	last	none	
DropdownTrigger	DropdownTrigger/DropdownTrigger.tsx	L1	yes	HTMLElement	"DropdownTrigger";	last	none	
DropdownTriggerContent	DropdownTrigger/DropdownTrigger.tsx	L1	yes	HTMLDivElement	"DropdownTriggerContent";	last	none	
TypeableDropdownTrigger	DropdownTrigger/DropdownTrigger.tsx	L1	yes	HTMLDivElement	"TypeableDropdownTrigger";	last	none	
TextDropdownTrigger	DropdownTrigger/DropdownTrigger.tsx	L1	yes	HTMLElement	"TextDropdownTrigger";	last	none	
SplitButton	SplitButton/SplitButton.tsx	L1	no	none	none	last	none	
SplitButtonAction	SplitButton/SplitButton.tsx	L1	yes	HTMLButtonElement	"SplitButtonAction";	last	none	
SplitButtonTrigger	SplitButton/SplitButton.tsx	L1	yes	HTMLButtonElement	"SplitButtonTrigger";	last	none	
OutlineSection	OutlineSection/OutlineSection.tsx	none	yes	HTMLDivElement	'OutlineSection';	last	none	
OutlineButton	OutlineButton/OutlineButton.tsx	L1	yes	HTMLElement	"OutlineButton";	last	sets	style-after-spread
ArrowShape	Shapes/ArrowShape.tsx	none	no	none	none	no-cn	none	
ShapeClipPath	Shapes/BaseShape.tsx	none	no	none	none	no-cn	none	
BaseShape	Shapes/BaseShape.tsx	none	no	none	none	no-cn	none	
CapsuleShape	Shapes/CapsuleShape.tsx	none	no	none	none	no-cn	none	
CloverShape	Shapes/CloverShape.tsx	none	no	none	none	no-cn	none	
CookieShape	Shapes/CookieShape.tsx	none	no	none	none	no-cn	none	
DiamondShape	Shapes/DiamondShape.tsx	none	no	none	none	no-cn	none	
DoubleShape	Shapes/DoubleShape.tsx	none	no	none	none	no-cn	none	
PentagonShape	Shapes/PentagonShape.tsx	none	no	none	none	no-cn	none	
PixircleShape	Shapes/PixircleShape.tsx	none	no	none	none	no-cn	none	
PuffShape	Shapes/PuffShape.tsx	none	no	none	none	no-cn	none	
SquircleShape	Shapes/SquircleShape.tsx	none	no	none	none	no-cn	none	
StarShape	Shapes/StarShape.tsx	none	no	none	none	no-cn	none	
TripleShape	Shapes/TripleShape.tsx	none	no	none	none	no-cn	none	
ShapeButton	ShapeButton/ShapeButton.tsx	L18	yes	HTMLElement	"ShapeButton";	last	none	
MorphRotationShape	MorphRotationShape/MorphRotationShape.tsx	L54	no	none	none	no-cn	none	
DropdownCaret	DropdownCaret/DropdownCaret.tsx	none	no	none	none	last	none	
Modal	Modal/Modal.tsx	L1	alias	alias	none	no-cn	none	
ModalTrigger	Modal/Modal.tsx	L1	alias	alias	none	no-cn	none	
ModalPortal	Modal/Modal.tsx	L1	alias	alias	none	no-cn	none	
ModalOverlay	Modal/Modal.tsx	L1	yes	ComponentRef<typeof DialogPrimitive.Overlay>	'ModalOverlay';	last	none	
ModalContent	Modal/Modal.tsx	L1	yes	ComponentRef<typeof DialogPrimitive.Content>	'ModalContent';	last	none	
ModalClose	Modal/Modal.tsx	L1	alias	alias	none	no-cn	none	
ModalTitle	Modal/Modal.tsx	L1	yes	ComponentRef<typeof DialogPrimitive.Title>	'ModalTitle';	last	none	
ModalDescription	Modal/Modal.tsx	L1	yes	ComponentRef<typeof DialogPrimitive.Description>	'ModalDescription';	last	none	
Sheet	Sheet/Sheet.tsx	L1	alias	alias	none	no-cn	none	
SheetClose	Sheet/Sheet.tsx	L1	alias	alias	none	no-cn	none	
SheetContent	Sheet/Sheet.tsx	L1	yes	ComponentRef<typeof DialogPrimitive.Content>	"SheetContent";	no-cn	none	
SheetDescription	Sheet/Sheet.tsx	L1	yes	ComponentRef<typeof DialogPrimitive.Description>	"SheetDescription";	last	none	
SheetOverlay	Sheet/Sheet.tsx	L1	yes	ComponentRef<typeof DialogPrimitive.Overlay>	"SheetOverlay";	last	none	
SheetPortal	Sheet/Sheet.tsx	L1	alias	alias	none	no-cn	none	
SheetTitle	Sheet/Sheet.tsx	L1	yes	ComponentRef<typeof DialogPrimitive.Title>	"SheetTitle";	last	none	
SheetTrigger	Sheet/Sheet.tsx	L1	alias	alias	none	no-cn	none	
Popover	Popover/Popover.tsx	L1	alias	alias	none	no-cn	none	
PopoverAnchor	Popover/Popover.tsx	L1	alias	alias	none	no-cn	none	
PopoverClose	Popover/Popover.tsx	L1	alias	alias	none	no-cn	none	
PopoverContent	Popover/Popover.tsx	L1	yes	ComponentRef<typeof PopoverPrimitive.Content>	"PopoverContent";	last	none	
PopoverPortal	Popover/Popover.tsx	L1	alias	alias	none	no-cn	none	
PopoverTrigger	Popover/Popover.tsx	L1	alias	alias	none	no-cn	none	
SearchBox	SearchBox/SearchBox.tsx	L1	yes	HTMLInputElement	'SearchBox';	last	none	
Table	Table/Table.tsx	none	yes	HTMLDivElement	"Table";	last	sets	style-before-spread+merges
TableHeader	Table/Table.tsx	none	yes	HTMLDivElement	"TableHeader";	last	sets	style-before-spread
TableHeaderCell	Table/Table.tsx	none	yes	HTMLDivElement	"TableHeaderCell";	last	none	
TableRow	Table/Table.tsx	none	yes	HTMLDivElement	"TableRow";	last	sets	style-before-spread
TableCell	Table/Table.tsx	none	yes	HTMLDivElement	"TableCell";	last	none	
TablePlaceholder	Table/Table.tsx	none	yes	HTMLDivElement	"TablePlaceholder";	last	none	
ToastAction	Toast/Toast.tsx	L1	yes	ComponentRef<typeof ToastPrimitive.Action>	"ToastAction";	no-cn	none	
ToastClose	Toast/Toast.tsx	L1	yes	ComponentRef<typeof ToastPrimitive.Close>	"ToastClose";	no-cn	none	
ToastDescription	Toast/Toast.tsx	L1	yes	HTMLElement	"ToastDescription";	last	none	
ToastProvider	Toast/Toast.tsx	L1	no	none	none	no-cn	none	
ToastRoot	Toast/Toast.tsx	L1	yes	ComponentRef<typeof ToastPrimitive.Root>	"ToastRoot";	no-cn	none	
ToastTitle	Toast/Toast.tsx	L1	yes	HTMLElement	"ToastTitle";	no-cn	none	
ToastViewport	Toast/Toast.tsx	L1	yes	ComponentRef<typeof ToastPrimitive.Viewport>	"ToastViewport";	last	none	
Tooltip	Tooltip/Tooltip.tsx	L1	alias	alias	none	no-cn	none	
TooltipBody	Tooltip/Tooltip.tsx	L1	yes	HTMLElement	"TooltipBody";	passthrough	none	
TooltipContent	Tooltip/Tooltip.tsx	L1	yes	ComponentRef<typeof TooltipPrimitive.Content>	"TooltipContent";	last	none	
TooltipProvider	Tooltip/Tooltip.tsx	L1	no	none	none	no-cn	none	
TooltipTitle	Tooltip/Tooltip.tsx	L1	yes	HTMLElement	"TooltipTitle";	no-cn	none	
TooltipTrigger	Tooltip/Tooltip.tsx	L1	alias	alias	none	no-cn	none	
SliderContinuous	Slider/Slider.tsx	L1	yes	ComponentRef<typeof SliderPrimitive.Root>	'SliderContinuous';	no-cn	none	
SliderStepped	Slider/Slider.tsx	L1	yes	ComponentRef<typeof SliderPrimitive.Root>	'SliderStepped';	no-cn	none	
SliderLabeled	Slider/Slider.tsx	L1	yes	ComponentRef<typeof SliderPrimitive.Root>	'SliderLabeled';	last	none	
AITextPart	AIChat/AITextPart.tsx	none	yes	HTMLDivElement	"AITextPart";	last	none	
AIToolPart	AIChat/AIToolPart.tsx	none	yes	HTMLDivElement	"AIToolPart";	last	none	
AIThinkingPart	AIChat/AIThinkingPart.tsx	L24	yes	HTMLDivElement	"AIThinkingPart";	last	none	
AITurnSummary	AIChat/AITurnSummary.tsx	none	yes	HTMLDivElement	"AITurnSummary";	last	none	
UserMessageHeader	AIChat/UserMessageHeader.tsx	none	yes	HTMLDivElement	"UserMessageHeader";	last	none	
ChatDivider	AIChat/ChatDivider.tsx	none	yes	HTMLDivElement	"ChatDivider";	last	none	
AIContextGauge	AIChat/AIContextGauge.tsx	none	yes	SVGSVGElement	"AIContextGauge";	no-cn	none	
AIPromptInput	AIChat/AIPromptInput.tsx	L29	yes	HTMLFormElement	"AIPromptInput";	last	none	
AIPromptInputSubmit	AIChat/AIPromptInput.tsx	L29	yes	HTMLButtonElement	"AIPromptInputSubmit";	last	none	
AIPromptInputTextarea	AIChat/AIPromptInput.tsx	L29	yes	HTMLTextAreaElement	"AIPromptInputTextarea";	last	none	
AIPromptInputToolbar	AIChat/AIPromptInput.tsx	L29	yes	HTMLDivElement	"AIPromptInputToolbar";	last	none	
AIPromptInputToolbarEnd	AIChat/AIPromptInput.tsx	L29	yes	HTMLDivElement	"AIPromptInputToolbarEnd";	last	none	
AIPromptInputToolbarStart	AIChat/AIPromptInput.tsx	L29	yes	HTMLDivElement	"AIPromptInputToolbarStart";	last	none	
AIModelSelectItem	AIChat/AIModelSelect.tsx	none	yes	ComponentRef<typeof DropdownMenuRadioSelectItem>	"AIModelSelectItem";	no-cn	sets	style-before-spread+merges
AIModelSelectTrigger	AIChat/AIModelSelect.tsx	none	yes	HTMLButtonElement	"AIModelSelectTrigger";	last	none	
AIModelTooltipContent	AIChat/AIModelSelect.tsx	none	yes	ComponentRef<typeof TooltipContent>	"AIModelTooltipContent";	last	sets	style-after-spread
AIThinkingEffortSelector	AIChat/AIModelSelect.tsx	none	yes	HTMLDivElement	"AIThinkingEffortSelector";	last	none	
WavyDivider	WavyDivider/WavyDivider.tsx	none	yes	SVGSVGElement	"WavyDivider";	last	none	
LoadingSpinner	LoadingSpinner/LoadingSpinner.tsx	L1	yes	SVGSVGElement	"LoadingSpinner";	last	none	
ShapeMorphSpinner	ShapeMorphSpinner/ShapeMorphSpinner.tsx	none	no	none	none	last	sets	style-before-spread+merges
ProgressIndicator	ProgressIndicator/ProgressIndicator.tsx	none	yes	SVGSVGElement	"ProgressIndicator";	last	none	
LinearProgressIndicator	LinearProgressIndicator/LinearProgressIndicator.tsx	L1	yes	ComponentRef<typeof ProgressPrimitive.Root>	'LinearProgressIndicator';	last	sets	style-before-spread+merges
CodeDigitInput	VerificationCode/CodeDigitInput.tsx	L15	yes	HTMLInputElement	"CodeDigitInput";	last	none	
VerificationCodeInput	VerificationCode/VerificationCodeInput.tsx	L15	yes	HTMLDivElement	"VerificationCodeInput";	last	none	
Calendar	Calendar/Calendar.tsx	L1	no	none	"Calendar";	last	none	
CalendarGrid	Calendar/CalendarGrid.tsx	L1	yes	HTMLDivElement	"CalendarGrid";	last	none	
CalendarCaption	Calendar/CalendarCaption.tsx	L1	no	none	"CalendarCaption";	last	none	
CalendarPresetItem	Calendar/CalendarPresetsPanel.tsx	L1	yes	HTMLButtonElement	"CalendarPresetItem";	last	none	
CalendarPresetsPanel	Calendar/CalendarPresetsPanel.tsx	L1	yes	HTMLDivElement	"CalendarPresetsPanel";	last	none	
DatePicker	DatePicker/DatePicker.tsx	L1	no	none	"DatePicker";	passthrough	none	
DatePickerTrigger	DatePicker/DatePickerTrigger.tsx	L1	yes	HTMLButtonElement	"DatePickerTrigger";	last	none	
DatePickerSplitTrigger	DatePicker/DatePickerSplitTrigger.tsx	L1	yes	HTMLDivElement	"DatePickerSplitTrigger";	last	none	
