Button	Button/Button.tsx	exported-type
CTAButton	CTAButton/CTAButton.tsx	exported-interface
CopyButton	CopyButton/CopyButton.tsx	exported-interface
Avatar	Avatar/Avatar.tsx	exported-interface
Sticker	Sticker/Sticker.tsx	exported-type
Checkbox	Checkbox/Checkbox.tsx	exported-interface
CheckboxIndicator	Checkbox/Checkbox.tsx	inline: ComponentRef<typeof CheckboxPrimitive.Indicator>, ComponentPropsWithoutRef<typeof Checkbo
HotkeyIndicator	HotkeyIndicator/HotkeyIndicator.tsx	exported-interface
BaseIcon	Icons/BaseIcon.tsx	other
SidebarWithHoverIcon	SidebarWithHoverIcon/SidebarWithHoverIcon.tsx	exported-interface
Input	Input/Input.tsx	exported-type
Tabs	Tabs/Tabs.tsx	other
TabsList	Tabs/Tabs.tsx	inline: ComponentRef<typeof TabsPrimitive.List>, ComponentPropsWithoutRef<typeof TabsPrimitive.Li
TabsTrigger	Tabs/Tabs.tsx	exported-interface
TabsContent	Tabs/Tabs.tsx	inline: ComponentRef<typeof TabsPrimitive.Content>, ComponentPropsWithoutRef<typeof TabsPrimitive
SegmentedTabSelect	SegmentedTabSelect/SegmentedTabSelect.tsx	exported-interface
SegmentedTabItem	SegmentedTabSelect/SegmentedTabSelect.tsx	exported-interface
FadeChangeText	AnimatedText/FadeChangeText.tsx	exported-interface
RevealChangeText	AnimatedText/RevealChangeText.tsx	exported-interface
RollChangeText	AnimatedText/RollChangeText.tsx	exported-interface
RollHoverText	AnimatedText/RollHoverText.tsx	exported-interface
RollingDigitsText	AnimatedText/RollingDigitsText.tsx	exported-type
ShimmerText	AnimatedText/ShimmerText.tsx	exported-type
UnderlineLinkText	AnimatedText/UnderlineLinkText.tsx	exported-interface
BaseText	Text/BaseText.tsx	exported-type
BodyText	Text/BaseText.tsx	exported-type
ButtonText	Text/BaseText.tsx	exported-type
HeadingText	Text/BaseText.tsx	exported-type
HeroBodyText	Text/BaseText.tsx	exported-type
HeroButtonText	Text/BaseText.tsx	exported-type
HeroText	Text/BaseText.tsx	exported-type
LabelText	Text/BaseText.tsx	exported-type
MonoText	Text/BaseText.tsx	exported-type
SubheadingText	Text/BaseText.tsx	exported-type
TitleText	Text/BaseText.tsx	exported-type
TextLink	TextLink/TextLink.tsx	exported-interface
ToggleSwitch	Toggle/Toggle.tsx	exported-interface
ToggleSwitchItem	Toggle/Toggle.tsx	exported-interface
DropdownMenu	Menu/DropdownMenu.tsx	other
DropdownMenuTrigger	Menu/DropdownMenu.tsx	inline: ComponentRef<typeof DropdownMenuPrimitive.Trigger>, ComponentPropsWithoutRef<typeof Dropd
DropdownMenuPortal	Menu/DropdownMenu.tsx	radix-alias
DropdownMenuContent	Menu/DropdownMenu.tsx	inline: ComponentRef<typeof DropdownMenuPrimitive.Content>, ComponentPropsWithoutRef<typeof Dropd
DropdownMenuGroup	Menu/DropdownMenu.tsx	radix-alias
DropdownMenuSub	Menu/DropdownMenu.tsx	radix-alias
DropdownMenuRadioGroup	Menu/DropdownMenu.tsx	radix-alias
DropdownMenuItem	Menu/DropdownMenu.tsx	inline: ComponentRef<typeof DropdownMenuPrimitive.Item>, ComponentPropsWithoutRef<typeof Dropdown
DropdownMenuMultiSelectItem	Menu/DropdownMenu.tsx	inline: ComponentRef<typeof DropdownMenuPrimitive.CheckboxItem>, ComponentPropsWithoutRef<typeof 
DropdownMenuLabel	Menu/DropdownMenu.tsx	inline: ComponentRef<typeof DropdownMenuPrimitive.Label>, ComponentPropsWithoutRef<typeof Dropdow
DropdownMenuPlainItem	Menu/DropdownMenu.tsx	inline: HTMLDivElement, HTMLAttributes<HTMLDivElement> 
DropdownMenuRadioSelectItem	Menu/DropdownMenu.tsx	inline: ComponentRef<typeof DropdownMenuPrimitive.RadioItem>, ComponentPropsWithoutRef<typeof Dro
DropdownMenuSeparator	Menu/DropdownMenu.tsx	inline: ComponentRef<typeof DropdownMenuPrimitive.Separator>, ComponentPropsWithoutRef<typeof Dro
DropdownMenuSection	Menu/DropdownMenu.tsx	exported-interface
DropdownMenuSegment	Menu/DropdownMenu.tsx	exported-interface
DropdownMenuSearch	Menu/DropdownMenuSearch.tsx	exported-interface
DropdownTrigger	DropdownTrigger/DropdownTrigger.tsx	exported-type
DropdownTriggerContent	DropdownTrigger/DropdownTrigger.tsx	exported-type
TypeableDropdownTrigger	DropdownTrigger/DropdownTrigger.tsx	exported-type
TextDropdownTrigger	DropdownTrigger/DropdownTrigger.tsx	exported-type
SplitButton	SplitButton/SplitButton.tsx	exported-interface
SplitButtonAction	SplitButton/SplitButton.tsx	exported-interface
SplitButtonTrigger	SplitButton/SplitButton.tsx	exported-interface
OutlineSection	OutlineSection/OutlineSection.tsx	exported-interface
OutlineButton	OutlineButton/OutlineButton.tsx	exported-type
BaseShape	Shapes/BaseShape.tsx	local-type-NOT-exported
ShapeButton	ShapeButton/ShapeButton.tsx	exported-type
MorphRotationShape	MorphRotationShape/MorphRotationShape.tsx	exported-type
DropdownCaret	DropdownCaret/DropdownCaret.tsx	exported-interface
Modal	Modal/Modal.tsx	radix-alias
ModalTrigger	Modal/Modal.tsx	radix-alias
ModalPortal	Modal/Modal.tsx	radix-alias
ModalOverlay	Modal/Modal.tsx	inline: ComponentRef<typeof DialogPrimitive.Overlay>, ComponentPropsWithoutRef<typeof DialogPrimi
ModalContent	Modal/Modal.tsx	inline: ComponentRef<typeof DialogPrimitive.Content>, ComponentPropsWithoutRef<typeof DialogPrimi
ModalClose	Modal/Modal.tsx	radix-alias
ModalTitle	Modal/Modal.tsx	inline: ComponentRef<typeof DialogPrimitive.Title>, ComponentPropsWithoutRef<typeof DialogPrimiti
ModalDescription	Modal/Modal.tsx	inline: ComponentRef<typeof DialogPrimitive.Description>, ComponentPropsWithoutRef<typeof DialogP
Sheet	Sheet/Sheet.tsx	radix-alias
SheetClose	Sheet/Sheet.tsx	radix-alias
SheetContent	Sheet/Sheet.tsx	inline: ComponentRef<typeof DialogPrimitive.Content>, ComponentPropsWithoutRef<typeof DialogPrimi
SheetDescription	Sheet/Sheet.tsx	inline: ComponentRef<typeof DialogPrimitive.Description>, ComponentPropsWithoutRef<typeof DialogP
SheetOverlay	Sheet/Sheet.tsx	inline: ComponentRef<typeof DialogPrimitive.Overlay>, ComponentPropsWithoutRef<typeof DialogPrimi
SheetPortal	Sheet/Sheet.tsx	radix-alias
SheetTitle	Sheet/Sheet.tsx	inline: ComponentRef<typeof DialogPrimitive.Title>, ComponentPropsWithoutRef<typeof DialogPrimiti
SheetTrigger	Sheet/Sheet.tsx	radix-alias
Popover	Popover/Popover.tsx	radix-alias
PopoverAnchor	Popover/Popover.tsx	radix-alias
PopoverClose	Popover/Popover.tsx	radix-alias
PopoverContent	Popover/Popover.tsx	exported-type
PopoverPortal	Popover/Popover.tsx	radix-alias
PopoverTrigger	Popover/Popover.tsx	radix-alias
SearchBox	SearchBox/SearchBox.tsx	exported-interface
Table	Table/Table.tsx	exported-interface
TableHeader	Table/Table.tsx	inline:HTMLDivElement, HTMLAttributes<HTMLDivElement>
TableHeaderCell	Table/Table.tsx	exported-interface
TableRow	Table/Table.tsx	inline:HTMLDivElement, HTMLAttributes<HTMLDivElement>
TableCell	Table/Table.tsx	inline:HTMLDivElement, HTMLAttributes<HTMLDivElement>
TablePlaceholder	Table/Table.tsx	inline: HTMLDivElement, HTMLAttributes<HTMLDivElement> 
ToastAction	Toast/Toast.tsx	inline: ComponentRef<typeof ToastPrimitive.Action>, ComponentPropsWithoutRef<typeof ToastPrimitiv
ToastClose	Toast/Toast.tsx	inline: ComponentRef<typeof ToastPrimitive.Close>, ComponentPropsWithoutRef<typeof ToastPrimitive
ToastDescription	Toast/Toast.tsx	exported-type
ToastProvider	Toast/Toast.tsx	exported-interface
ToastRoot	Toast/Toast.tsx	exported-interface
ToastTitle	Toast/Toast.tsx	exported-type
ToastViewport	Toast/Toast.tsx	inline: ComponentRef<typeof ToastPrimitive.Viewport>, ComponentPropsWithoutRef<typeof ToastPrimit
Tooltip	Tooltip/Tooltip.tsx	radix-alias
TooltipBody	Tooltip/Tooltip.tsx	exported-type
TooltipContent	Tooltip/Tooltip.tsx	exported-interface
TooltipProvider	Tooltip/Tooltip.tsx	other
TooltipTitle	Tooltip/Tooltip.tsx	exported-type
TooltipTrigger	Tooltip/Tooltip.tsx	radix-alias
SliderContinuous	Slider/Slider.tsx	inline: ComponentRef<typeof SliderPrimitive.Root>, SliderProps 
SliderStepped	Slider/Slider.tsx	inline: ComponentRef<typeof SliderPrimitive.Root>, SliderProps 
SliderLabeled	Slider/Slider.tsx	exported-type
AITextPart	AIChat/AITextPart.tsx	exported-interface
AIToolPart	AIChat/AIToolPart.tsx	exported-interface
AIThinkingPart	AIChat/AIThinkingPart.tsx	exported-interface
AITurnSummary	AIChat/AITurnSummary.tsx	exported-interface
UserMessageHeader	AIChat/UserMessageHeader.tsx	exported-type
ChatDivider	AIChat/ChatDivider.tsx	exported-type
AIContextGauge	AIChat/AIContextGauge.tsx	exported-type
AIPromptInput	AIChat/AIPromptInput.tsx	exported-interface
AIPromptInputSubmit	AIChat/AIPromptInput.tsx	exported-interface
AIPromptInputTextarea	AIChat/AIPromptInput.tsx	exported-type
AIPromptInputToolbar	AIChat/AIPromptInput.tsx	exported-type
AIPromptInputToolbarEnd	AIChat/AIPromptInput.tsx	inline: HTMLDivElement, AIPromptInputToolbarProps 
AIPromptInputToolbarStart	AIChat/AIPromptInput.tsx	inline: HTMLDivElement, AIPromptInputToolbarProps 
AIModelSelectItem	AIChat/AIModelSelect.tsx	exported-interface
AIModelSelectTrigger	AIChat/AIModelSelect.tsx	exported-interface
AIModelTooltipContent	AIChat/AIModelSelect.tsx	exported-interface
AIThinkingEffortSelector	AIChat/AIModelSelect.tsx	exported-interface
WavyDivider	WavyDivider/WavyDivider.tsx	exported-type
LoadingSpinner	LoadingSpinner/LoadingSpinner.tsx	exported-type
ShapeMorphSpinner	ShapeMorphSpinner/ShapeMorphSpinner.tsx	exported-type
ProgressIndicator	ProgressIndicator/ProgressIndicator.tsx	exported-type
LinearProgressIndicator	LinearProgressIndicator/LinearProgressIndicator.tsx	exported-interface
CodeDigitInput	VerificationCode/CodeDigitInput.tsx	exported-interface
VerificationCodeInput	VerificationCode/VerificationCodeInput.tsx	exported-interface
Calendar	Calendar/Calendar.tsx	exported-type
CalendarGrid	Calendar/CalendarGrid.tsx	exported-type
CalendarCaption	Calendar/CalendarCaption.tsx	exported-type
CalendarPresetItem	Calendar/CalendarPresetsPanel.tsx	exported-type
CalendarPresetsPanel	Calendar/CalendarPresetsPanel.tsx	exported-type
DatePicker	DatePicker/DatePicker.tsx	exported-type
DatePickerTrigger	DatePicker/DatePickerTrigger.tsx	exported-type
DatePickerSplitTrigger	DatePicker/DatePickerSplitTrigger.tsx	exported-type
