skills/dooph-design-system-usage/SKILL.md:30	UTILITY	font-sans
skills/dooph-design-system-usage/SKILL.md:30	UTILITY	text-sm
skills/dooph-design-system-usage/SKILL.md:293	UTILITY	text-2xl
skills/dooph-design-system-usage/SKILL.md:303	UTILITY	font-variation-settings
skills/dooph-design-system-usage/SKILL.md:303	UTILITY	font-weight
skills/dooph-design-system-usage/SKILL.md:320	UTILITY	text-style
skills/dooph-design-system-theming/SKILL.md:17	TOKEN	--ui-color-destructive
skills/dooph-design-system-theming/SKILL.md:18	TOKEN	--ui-color-border
skills/dooph-design-system-theming/SKILL.md:18	TOKEN	--ui-color-surface
skills/dooph-design-system-theming/SKILL.md:18	TOKEN	--ui-color-logo
skills/dooph-design-system-theming/SKILL.md:19	TOKEN	--ui-accent-color
skills/dooph-design-system-theming/SKILL.md:42	UTILITY	font-sans
skills/dooph-design-system-theming/SKILL.md:91	UTILITY	font-variation-settings
skills/dooph-design-system-theming/SKILL.md:110	UTILITY	font-variation-settings
skills/dooph-design-system-theming/SKILL.md:197	TOKEN	--ui-min-w-menu-action
skills/dooph-design-system-theming/references/token-contract.md:17	TOKEN	--ui-color-brand
skills/dooph-design-system-theming/references/token-contract.md:19	TOKEN	--ui-color-error
skills/dooph-design-system-theming/references/token-contract.md:21	TOKEN	--ui-color-page-background
skills/dooph-design-system-theming/references/token-contract.md:21	UTILITY	bg-page-background
skills/dooph-design-system-theming/references/token-contract.md:38	TOKEN	--ui-color-border
skills/dooph-design-system-theming/references/token-contract.md:41	TOKEN	--ui-color-border-focus
skills/dooph-design-system-theming/references/token-contract.md:42	TOKEN	--ui-color-trigger-border-hover
skills/dooph-design-system-theming/references/token-contract.md:43	TOKEN	--ui-color-trigger-border-error-focus
skills/dooph-design-system-theming/references/token-contract.md:56	TOKEN	--ui-brand-color
skills/dooph-design-system-theming/references/token-contract.md:56	TOKEN	--ui-brand-color-alt
skills/dooph-design-system-theming/references/token-contract.md:87	TOKEN	--ui-icon-tiny
skills/dooph-design-system-theming/references/token-contract.md:87	TOKEN	--ui-icon-large
skills/dooph-design-system-theming/references/token-contract.md:88	TOKEN	--ui-radius-standard
skills/dooph-design-system-theming/references/token-contract.md:88	UTILITY	rounded-standard
skills/dooph-design-system-theming/references/token-contract.md:120	TOKEN	--ui-min-w-menu-action
skills/dooph-design-system-theming/references/token-contract.md:152	TOKEN-FAMILY	--ui-rolling-money-*
skills/dooph-design-system-theming/references/token-contract.md:155	TOKEN	--ui-rolling-money-cents-size
skills/dooph-design-system-theming/references/token-contract.md:156	TOKEN	--ui-rolling-money-fade-duration
skills/dooph-design-system-theming/references/token-contract.md:168	UTILITY	font-variant-numeric
skills/dooph-design-system-theming/references/token-contract.md:210	UTILITY	rounded-l-standard
skills/dooph-design-system-theming/references/token-contract.md:218	UTILITY	font-sans
skills/dooph-design-system-v3-migration/SKILL.md:34	UTILITY	font-sans
skills/dooph-design-system-v3-migration/SKILL.md:86	TOKEN	--ui-color-destructive
skills/dooph-design-system-v3-migration/SKILL.md:87	TOKEN	--ui-color-destructive-foreground
skills/dooph-design-system-v3-migration/SKILL.md:88	TOKEN	--ui-color-destructive-hover
skills/dooph-design-system-v3-migration/SKILL.md:89	TOKEN	--ui-color-destructive-active
skills/dooph-design-system-v3-migration/SKILL.md:90	TOKEN	--ui-color-destructive-disabled
skills/dooph-design-system-v3-migration/SKILL.md:91	TOKEN	--ui-color-destructive-border
skills/dooph-design-system-v3-migration/SKILL.md:92	TOKEN	--ui-color-destructive-border-hover
skills/dooph-design-system-v3-migration/SKILL.md:93	TOKEN	--ui-color-destructive-border-active
skills/dooph-design-system-v3-migration/SKILL.md:94	TOKEN	--ui-color-destructive-border-disabled
skills/dooph-design-system-v3-migration/SKILL.md:95	TOKEN	--ui-color-destructive-focus-ring
skills/dooph-design-system-v3-migration/SKILL.md:96	TOKEN	--ui-color-border
skills/dooph-design-system-v3-migration/SKILL.md:97	TOKEN	--ui-color-surface
skills/dooph-design-system-v3-migration/SKILL.md:98	TOKEN	--ui-color-focus-ring
skills/dooph-design-system-v3-migration/SKILL.md:99	TOKEN	--ui-color-logo
skills/dooph-design-system-v3-migration/SKILL.md:100	TOKEN	--ui-accent-color
skills/dooph-design-system-v3-migration/SKILL.md:104	TOKEN	--ui-color-logo-alt
skills/dooph-design-system-v3-migration/SKILL.md:107	TOKEN	--ui-color-avatar-bg
skills/dooph-design-system-v3-migration/SKILL.md:126	TOKEN	--ui-color-brand
skills/dooph-design-system-v3-migration/SKILL.md:127	TOKEN	--ui-color-error
skills/dooph-design-system-v3-migration/SKILL.md:128	TOKEN	--ui-color-page-background
skills/dooph-design-system-v3-migration/SKILL.md:129	TOKEN	--ui-radius-standard
skills/dooph-design-system-v3-migration/SKILL.md:129	TOKEN	--ui-color-border-focus
skills/dooph-design-system-v3-migration/SKILL.md:130	TOKEN-FAMILY	--ui-color-trigger-border-*
skills/dooph-design-system-v3-migration/SKILL.md:140	UTILITY	bg-destructive
skills/dooph-design-system-v3-migration/SKILL.md:141	UTILITY	text-destructive-fg
skills/dooph-design-system-v3-migration/SKILL.md:142	UTILITY	border-destructive
skills/dooph-design-system-v3-migration/SKILL.md:144	UTILITY	border-border
skills/dooph-design-system-v3-migration/SKILL.md:145	UTILITY	bg-surface
skills/dooph-design-system-v3-migration/SKILL.md:146	UTILITY	text-logo
skills/dooph-design-system-v3-migration/SKILL.md:147	UTILITY	shadow-focus-destructive
skills/dooph-design-system-v3-migration/SKILL.md:150	UTILITY	border-border
skills/dooph-design-system-v3-migration/SKILL.md:153	UTILITY	bg-surface
skills/dooph-design-system-v3-migration/SKILL.md:154	UTILITY	bg-surface
skills/dooph-design-system-v3-migration/SKILL.md:237	TOKEN	--ui-color-logo
skills/dooph-design-system-v3-migration/SKILL.md:243	TOKEN	--ui-color-border
skills/dooph-design-system-v3-migration/SKILL.md:243	TOKEN	--ui-color-surface
skills/dooph-design-system-v3-migration/SKILL.md:249	TOKEN	--ui-color-border
skills/dooph-design-system-v3-migration/SKILL.md:250	UTILITY	bg-surface
skills/dooph-design-system-v5-migration/SKILL.md:18	TOKEN	--ui-color-brand
skills/dooph-design-system-v5-migration/SKILL.md:19	TOKEN	--ui-color-error
skills/dooph-design-system-v5-migration/SKILL.md:19	TOKEN	--ui-color-page-background
skills/dooph-design-system-v5-migration/SKILL.md:20	TOKEN	--ui-radius-standard
skills/dooph-design-system-v5-migration/SKILL.md:21	TOKEN	--ui-color-border-focus
skills/dooph-design-system-v5-migration/SKILL.md:21	TOKEN-FAMILY	--ui-color-trigger-border-*
README.md:180	UTILITY	rounded-standard
README.md:181	UTILITY	font-sans
